{
	"Content" : 
		  [ 
                { "name": "Lecture Title", "type": "video_lecture", "id": "101", "duration": "8 min" },
                { "name": "Exam Title", "type": "quiz_exam", "id": "102", "duration": "00.00" },
                { "name": "Lecture Title", "type": "video_lecture", "id": "103", "duration": "8 min" },
                { "name": "Exam Title", "type": "witten_exam", "id": "104", "duration": "00.00" }
		  ],
    "Sources" : 
		  [ 
                { "title": "Source Title", "type": "sources", "id": "501", "description": "Dummy Description" },
                { "title": "Source Title", "type": "sources", "id": "502", "description": "Dummy Description" },
                { "title": "Source Title", "type": "sources", "id": "503", "description": "Dummy Description" },
                { "title": "Source Title", "type": "sources", "id": "504", "description": "Dummy Description" }
		  ],
    "QuestionBank" : 
        {
            "Systematic" : 
            [
                {
                    "question_number" : "01",
                    "description" : "Dummy Description",
                    "questions" : [
                        {"no." : "Ko", "q" : "Dummy Question One", "marks" : "1"},
                        {"no." : "Kha", "q" : "Dummy Question Two", "marks" : "2"},
                        {"no." : "Ga", "q" : "Dummy Question Three", "marks" : "3"},
                        {"no." : "Gha", "q" : "Dummy Question Four", "marks" : "4"}
                    ], 
                    "references" : [
                        {"institute" : "Utkorsho", "board" : "Dhaka board", "year" : "2010"},
                        {"institute" : "Utkorsho", "board" : "Dhaka board", "year" : "2010"},
                        {"institute" : "Utkorsho", "board" : "Dhaka board", "year" : "2010"},
                        {"institute" : "Utkorsho", "board" : "Dhaka board", "year" : "2010"},
                        {"institute" : "Utkorsho", "board" : "Dhaka board", "year" : "2010"},
                        {"institute" : "Utkorsho", "board" : "Dhaka board", "year" : "2010"}
                    ]
                },
                {
                    "question_number" : "02",
                    "description" : "Dummy Description",
                    "questions" : [
                        {"no." : "Ko", "q" : "Dummy Question One", "marks" : "1"},
                        {"no." : "Kha", "q" : "Dummy Question Two", "marks" : "2"},
                        {"no." : "Ga", "q" : "Dummy Question Three", "marks" : "3"},
                        {"no." : "Gha", "q" : "Dummy Question Four", "marks" : "4"}
                    ], 
                    "references" : [
                        {"institute" : "Utkorsho", "board" : "Dhaka board", "year" : "2010"},
                        {"institute" : "Utkorsho", "board" : "Dhaka board", "year" : "2010"},
                        {"institute" : "Utkorsho", "board" : "Dhaka board", "year" : "2010"},
                        {"institute" : "Utkorsho", "board" : "Dhaka board", "year" : "2010"},
                        {"institute" : "Utkorsho", "board" : "Dhaka board", "year" : "2010"},
                        {"institute" : "Utkorsho", "board" : "Dhaka board", "year" : "2010"}
                    ]
                },
                {
                    "question_number" : "03",
                    "description" : "Dummy Description",
                    "questions" : [
                        {"no." : "Ko", "q" : "Dummy Question One", "marks" : "1"},
                        {"no." : "Kha", "q" : "Dummy Question Two", "marks" : "2"},
                        {"no." : "Ga", "q" : "Dummy Question Three", "marks" : "3"},
                        {"no." : "Gha", "q" : "Dummy Question Four", "marks" : "4"}
                    ], 
                    "references" : [
                        {"institute" : "Utkorsho", "board" : "Dhaka board", "year" : "2010"},
                        {"institute" : "Utkorsho", "board" : "Dhaka board", "year" : "2010"},
                        {"institute" : "Utkorsho", "board" : "Dhaka board", "year" : "2010"},
                        {"institute" : "Utkorsho", "board" : "Dhaka board", "year" : "2010"},
                        {"institute" : "Utkorsho", "board" : "Dhaka board", "year" : "2010"},
                        {"institute" : "Utkorsho", "board" : "Dhaka board", "year" : "2010"}
                    ]
                },
                {
                    "question_number" : "04",
                    "description" : "Dummy Description",
                    "questions" : [
                        {"no." : "Ko", "q" : "Dummy Question One", "marks" : "1"},
                        {"no." : "Kha", "q" : "Dummy Question Two", "marks" : "2"},
                        {"no." : "Ga", "q" : "Dummy Question Three", "marks" : "3"},
                        {"no." : "Gha", "q" : "Dummy Question Four", "marks" : "4"}
                    ], 
                    "references" : [
                        {"institute" : "Utkorsho", "board" : "Dhaka board", "year" : "2010"},
                        {"institute" : "Utkorsho", "board" : "Dhaka board", "year" : "2010"},
                        {"institute" : "Utkorsho", "board" : "Dhaka board", "year" : "2010"},
                        {"institute" : "Utkorsho", "board" : "Dhaka board", "year" : "2010"},
                        {"institute" : "Utkorsho", "board" : "Dhaka board", "year" : "2010"},
                        {"institute" : "Utkorsho", "board" : "Dhaka board", "year" : "2010"}
                    ]
                },
                {
                    "question_number" : "05",
                    "description" : "Dummy Description",
                    "questions" : [
                        {"no." : "Ko", "q" : "Dummy Question One", "marks" : "1"},
                        {"no." : "Kha", "q" : "Dummy Question Two", "marks" : "2"},
                        {"no." : "Ga", "q" : "Dummy Question Three", "marks" : "3"},
                        {"no." : "Gha", "q" : "Dummy Question Four", "marks" : "4"}
                    ], 
                    "references" : [
                        {"institute" : "Utkorsho", "board" : "Dhaka board", "year" : "2010"},
                        {"institute" : "Utkorsho", "board" : "Dhaka board", "year" : "2010"},
                        {"institute" : "Utkorsho", "board" : "Dhaka board", "year" : "2010"},
                        {"institute" : "Utkorsho", "board" : "Dhaka board", "year" : "2010"},
                        {"institute" : "Utkorsho", "board" : "Dhaka board", "year" : "2010"},
                        {"institute" : "Utkorsho", "board" : "Dhaka board", "year" : "2010"}
                    ]
                },
                {
                    "question_number" : "06",
                    "description" : "Dummy Description",
                    "questions" : [
                        {"no." : "Ko", "q" : "Dummy Question One", "marks" : "1"},
                        {"no." : "Kha", "q" : "Dummy Question Two", "marks" : "2"},
                        {"no." : "Ga", "q" : "Dummy Question Three", "marks" : "3"},
                        {"no." : "Gha", "q" : "Dummy Question Four", "marks" : "4"}
                    ], 
                    "references" : [
                        {"institute" : "Utkorsho", "board" : "Dhaka board", "year" : "2010"},
                        {"institute" : "Utkorsho", "board" : "Dhaka board", "year" : "2010"},
                        {"institute" : "Utkorsho", "board" : "Dhaka board", "year" : "2010"},
                        {"institute" : "Utkorsho", "board" : "Dhaka board", "year" : "2010"},
                        {"institute" : "Utkorsho", "board" : "Dhaka board", "year" : "2010"},
                        {"institute" : "Utkorsho", "board" : "Dhaka board", "year" : "2010"}
                    ]
                }
            
            ],
            
            "Objectives" : [
                {
                    "q" : "Question 1 ?", "no" : "01",
                    "ko" : "Ko number Option", 
                    "Kha" : "Kha number Option",
                    "Ga" : "Ga number Option",
                    "Gha" : "Gha number Option",
                    "right_answer" : "Kha"
                }
            ]
            
        },
    "ParallelText" : 
		  [ 
                { "p_text": "Parallel Text", "id": "201"}
		  ]
}